refs/tags/wireshark-1.12.12,,2016-06-07
refs/tags/wireshark-2.0.4,,2016-06-07
refs/tags/wireshark-1.12.11,,2016-04-22
refs/tags/wireshark-2.0.3,,2016-04-22
refs/tags/wireshark-1.12.10,,2016-02-26
refs/tags/wireshark-2.0.2,,2016-02-26
refs/tags/wireshark-2.0.1,,2015-12-29
refs/tags/wireshark-1.12.9,,2015-12-29
refs/tags/wireshark-2.0.0,,2015-11-18
refs/tags/wireshark-1.12.8,,2015-10-14
refs/tags/wireshark-1.12.7,,2015-08-12
refs/tags/wireshark-1.8.10,,2015-07-20
refs/tags/wireshark-1.12.6,,2015-06-17
refs/tags/wireshark-1.10.14,,2015-05-12
refs/tags/wireshark-1.12.5,,2015-05-12
refs/tags/wireshark-1.10.13,,2015-03-04
refs/tags/wireshark-1.12.4,,2015-03-04
refs/tags/wireshark-1.10.12,,2015-01-07
refs/tags/wireshark-1.12.3,,2015-01-07
refs/tags/wireshark-1.10.11,,2014-11-12
refs/tags/wireshark-1.12.2,,2014-11-12
refs/tags/wireshark-1.10.10,,2014-09-16
refs/tags/wireshark-1.12.1,,2014-09-16
refs/tags/wireshark-1.10.9,,2014-07-31
refs/tags/wireshark-1.12.0,,2014-07-31
refs/tags/wireshark-1.10.8,,2014-06-12
refs/tags/wireshark-1.8.15,,2014-06-12
refs/tags/wireshark-1.10.7,,2014-04-22
refs/tags/wireshark-1.8.14,,2014-04-22
refs/tags/wireshark-1.10.6,,2014-03-07
refs/tags/wireshark-1.8.13,,2014-03-07
refs/tags/wireshark-1.10.5,,2013-12-19
refs/tags/wireshark-1.10.4,,2013-12-17
refs/tags/wireshark-1.8.12,,2013-12-17
refs/tags/wireshark-1.10.3,,2013-11-01
refs/tags/wireshark-1.8.11,,2013-11-01
refs/tags/wireshark-1.10.2,,2013-09-10
refs/tags/wireshark-1.10.1,,2013-07-26
refs/tags/wireshark-1.8.9,,2013-07-26
refs/tags/wireshark-1.6.16,,2013-06-07
refs/tags/wireshark-1.8.8,,2013-06-07
refs/tags/wireshark-1.10.0,,2013-06-05
refs/tags/wireshark-1.6.15,,2013-05-17
refs/tags/wireshark-1.8.7,,2013-05-17
refs/tags/wireshark-1.6.14,,2013-03-06
refs/tags/wireshark-1.8.6,,2013-03-06
refs/tags/wireshark-1.6.13,,2013-01-29
refs/tags/wireshark-1.8.5,,2013-01-29
refs/tags/wireshark-1.6.12,,2012-11-28
refs/tags/wireshark-1.8.4,,2012-11-28
refs/tags/wireshark-1.6.11,,2012-10-02
refs/tags/wireshark-1.8.3,,2012-10-02
refs/tags/wireshark-1.4.15,,2012-08-15
refs/tags/wireshark-1.6.10,,2012-08-15
refs/tags/wireshark-1.8.2,,2012-08-15
refs/tags/wireshark-1.4.14,,2012-07-24
refs/tags/wireshark-1.6.9,,2012-07-23
refs/tags/wireshark-1.8.1,,2012-07-23
refs/tags/wireshark-1.8.0,,2012-06-21
refs/tags/wireshark-1.4.13,,2012-05-21
refs/tags/wireshark-1.6.8,,2012-05-21
refs/tags/wireshark-1.6.7,,2012-04-06
refs/tags/wireshark-1.4.12,,2012-03-27
refs/tags/wireshark-1.6.6,,2012-03-27
refs/tags/wireshark-1.4.11,,2012-01-10
refs/tags/wireshark-1.6.5,,2012-01-10
refs/tags/wireshark-1.6.4,,2011-11-18
refs/tags/wireshark-1.4.10,,2011-11-01
refs/tags/wireshark-1.6.3,,2011-11-01
refs/tags/wireshark-1.4.9,,2011-09-07
refs/tags/wireshark-1.6.2,,2011-09-07
refs/tags/wireshark-1.4.8,,2011-07-18
refs/tags/wireshark-1.6.1,,2011-07-18
refs/tags/wireshark-1.2.18,,2011-06-28
refs/tags/wireshark-1.6.0,,2011-06-07
refs/tags/wireshark-1.2.17,,2011-05-31
refs/tags/wireshark-1.4.7,,2011-05-31
refs/tags/wireshark-1.4.6,,2011-04-18
refs/tags/wireshark-1.2.16,,2011-04-15
refs/tags/wireshark-1.4.5,,2011-04-15
refs/tags/wireshark-1.2.15,,2011-03-01
refs/tags/wireshark-1.4.4,,2011-03-01
refs/tags/wireshark-1.2.14,,2011-01-11
refs/tags/wireshark-1.4.3,,2011-01-11
refs/tags/wireshark-1.2.13,,2010-11-18
refs/tags/wireshark-1.4.2,,2010-11-18
refs/tags/wireshark-1.2.12,,2010-10-11
refs/tags/wireshark-1.4.1,,2010-10-11
refs/tags/wireshark-1.2.11,,2010-08-30
refs/tags/wireshark-1.0.16,,2010-08-29
refs/tags/wireshark-1.4.0,,2010-08-29
refs/tags/wireshark-1.0.15,,2010-07-29
refs/tags/wireshark-1.2.10,,2010-07-28
refs/tags/wireshark-1.0.14,,2010-06-08
refs/tags/wireshark-1.2.9,,2010-06-08
refs/tags/wireshark-1.2.8,,2010-05-05
refs/tags/wireshark-1.0.13,,2010-05-04
refs/tags/wireshark-1.0.12,,2010-03-31
refs/tags/wireshark-1.2.7,,2010-03-31
refs/tags/wireshark-1.0.11,,2010-01-27
refs/tags/wireshark-1.2.6,,2010-01-27
refs/tags/wireshark-1.2.5,,2009-12-17
refs/tags/wireshark-1.2.4,,2009-11-16
refs/tags/wireshark-1.2.3,,2009-10-27
refs/tags/wireshark-1.0.10,,2009-10-26
refs/tags/wireshark-1.2.2,,2009-09-15
refs/tags/wireshark-1.0.9,,2009-09-14
refs/tags/wireshark-1.2.1,,2009-07-19
refs/tags/wireshark-1.0.2,,2009-06-22
refs/tags/wireshark-1.2.0,,2009-06-16
refs/tags/wireshark-1.0.8,,2009-05-26
refs/tags/wireshark-1.0.7,,2009-04-08
refs/tags/wireshark-1.0.6,,2009-02-08
refs/tags/wireshark-1.0.5,,2008-12-09
refs/tags/wireshark-1.0.4,,2008-10-21
refs/tags/wireshark-1.0.3,,2008-10-06
refs/tags/wireshark-1.0.1,,2008-06-30
refs/tags/wireshark-1.0.0,,2008-03-29
