t,refs/tags/wireshark-1.12.6,""
t,refs/tags/wireshark-1.12.5,""
t,refs/tags/wireshark-1.12.4,""
t,refs/tags/wireshark-1.12.3,""
t,refs/tags/wireshark-1.12.2,""
t,refs/tags/wireshark-1.12.1,""
t,refs/tags/wireshark-1.12.0,""
t,refs/tags/wireshark-1.10.14,""
t,refs/tags/wireshark-1.10.13,""
t,refs/tags/wireshark-1.10.12,""
t,refs/tags/wireshark-1.10.11,""
t,refs/tags/wireshark-1.10.10,""
t,refs/tags/wireshark-1.10.9,""
t,refs/tags/wireshark-1.10.8,""
t,refs/tags/wireshark-1.10.7,""
t,refs/tags/wireshark-1.10.6,""
t,refs/tags/wireshark-1.10.5,""
t,refs/tags/wireshark-1.10.4,""
t,refs/tags/wireshark-1.10.3,""
t,refs/tags/wireshark-1.10.2,""
t,refs/tags/wireshark-1.10.1,""
t,refs/tags/wireshark-1.10.0,""
t,refs/tags/wireshark-1.8.15,""
t,refs/tags/wireshark-1.8.14,""
t,refs/tags/wireshark-1.8.13,""
t,refs/tags/wireshark-1.8.12,""
t,refs/tags/wireshark-1.8.11,""
t,refs/tags/wireshark-1.8.10,""
t,refs/tags/wireshark-1.8.9,""
t,refs/tags/wireshark-1.8.8,""
t,refs/tags/wireshark-1.8.7,""
t,refs/tags/wireshark-1.8.6,""
t,refs/tags/wireshark-1.8.5,""
t,refs/tags/wireshark-1.8.4,""
t,refs/tags/wireshark-1.8.3,""
t,refs/tags/wireshark-1.8.2,""
t,refs/tags/wireshark-1.8.1,""
t,refs/tags/wireshark-1.8.0,""
t,refs/tags/wireshark-1.6.16,""
t,refs/tags/wireshark-1.6.15,""
t,refs/tags/wireshark-1.6.14,""
t,refs/tags/wireshark-1.6.13,""
t,refs/tags/wireshark-1.6.12,""
t,refs/tags/wireshark-1.6.11,""
t,refs/tags/wireshark-1.6.10,""
t,refs/tags/wireshark-1.6.9,""
t,refs/tags/wireshark-1.6.8,""
t,refs/tags/wireshark-1.6.7,""
t,refs/tags/wireshark-1.6.6,""
t,refs/tags/wireshark-1.6.5,""
t,refs/tags/wireshark-1.6.4,""
t,refs/tags/wireshark-1.6.3,""
t,refs/tags/wireshark-1.6.2,""
t,refs/tags/wireshark-1.6.1,""
t,refs/tags/wireshark-1.6.0,""
t,refs/tags/wireshark-1.4.15,""
t,refs/tags/wireshark-1.4.14,""
t,refs/tags/wireshark-1.4.13,""
t,refs/tags/wireshark-1.4.12,""
t,refs/tags/wireshark-1.4.11,""
t,refs/tags/wireshark-1.4.10,""
t,refs/tags/wireshark-1.4.9,""
t,refs/tags/wireshark-1.4.8,""
t,refs/tags/wireshark-1.4.7,""
t,refs/tags/wireshark-1.4.6,""
t,refs/tags/wireshark-1.4.5,""
t,refs/tags/wireshark-1.4.4,""
t,refs/tags/wireshark-1.4.3,""
t,refs/tags/wireshark-1.4.2,""
t,refs/tags/wireshark-1.4.1,""
t,refs/tags/wireshark-1.4.0,""
t,refs/tags/wireshark-1.2.18,""
t,refs/tags/wireshark-1.2.17,""
t,refs/tags/wireshark-1.2.16,""
t,refs/tags/wireshark-1.2.15,""
t,refs/tags/wireshark-1.2.14,""
t,refs/tags/wireshark-1.2.13,""
t,refs/tags/wireshark-1.2.12,""
t,refs/tags/wireshark-1.2.11,""
t,refs/tags/wireshark-1.2.10,""
t,refs/tags/wireshark-1.2.9,""
t,refs/tags/wireshark-1.2.8,""
t,refs/tags/wireshark-1.2.7,""
t,refs/tags/wireshark-1.2.6,""
t,refs/tags/wireshark-1.2.5,""
t,refs/tags/wireshark-1.2.4,""
t,refs/tags/wireshark-1.2.3,""
t,refs/tags/wireshark-1.2.2,""
t,refs/tags/wireshark-1.2.1,""
t,refs/tags/wireshark-1.2.0,""
t,refs/tags/wireshark-1.0.16,""
t,refs/tags/wireshark-1.0.15,""
t,refs/tags/wireshark-1.0.14,""
t,refs/tags/wireshark-1.0.13,""
t,refs/tags/wireshark-1.0.12,""
t,refs/tags/wireshark-1.0.11,""
t,refs/tags/wireshark-1.0.10,""
t,refs/tags/wireshark-1.0.9,""
t,refs/tags/wireshark-1.0.8,""
t,refs/tags/wireshark-1.0.7,""
t,refs/tags/wireshark-1.0.6,""
t,refs/tags/wireshark-1.0.5,""
t,refs/tags/wireshark-1.0.4,""
t,refs/tags/wireshark-1.0.3,""
t,refs/tags/wireshark-1.0.2,""
t,refs/tags/wireshark-1.0.1,""
t,refs/tags/wireshark-1.0.0,""
t,refs/tags/wireshark-0.99.8,""
t,refs/tags/wireshark-0.99.7,""
t,refs/tags/wireshark-0.99.6,""
t,refs/tags/wireshark-0.99.5,""
t,refs/tags/wireshark-0.99.4,""
t,refs/tags/wireshark-0.99.3,""
t,refs/tags/wireshark-0.99.2,""
b,refs/remotes/origin/master-1.12,""
b,refs/remotes/origin/master-1.10,""
b,refs/remotes/origin/master-1.8,""
b,refs/remotes/origin/master-1.6,""
b,refs/remotes/origin/master-1.4,""
b,refs/remotes/origin/master-1.2,""
b,refs/remotes/origin/master-1.0,""
